timestamp_sec,frame_index,episode_index,task_index,state_q1_rad,state_q2_rad,state_q3_rad,state_q4_rad,state_q5_rad,state_q6_rad,state_q7_rad,action_x_m,action_y_m,action_z_m,action_rx_rad,action_ry_rad,action_rz_rad,action_gripper_delta_cmd,gripper_pos_measured_01
0.001185900007840246,0,0,0,4.688481250646831,0.9375088701150681,3.304693427177843,5.773325247012789,5.9323692273123205,0.08316225672141696,1.6942503549188277,0.029089730232954025,0.9319225549697876,0.6324520707130432,1.3599549285577592,-0.09593842251117904,3.0875986603850905,0,0.008733650669455528
0.10717800000566058,1,0,0,4.688481250646831,0.9375088701150681,3.304693427177843,5.773325247012789,5.9323692273123205,0.08316225672141696,1.6942492896543917,0.029089730232954025,0.9319225549697876,0.6324520707130432,1.3599549285577592,-0.09593947945323665,3.0875989267011996,0,0.008733650669455528
0.20098660000076052,2,0,0,4.688481250646831,0.9375088701150681,3.304693427177843,5.773325247012789,5.9323692273123205,0.08316225672141696,1.6942492896543917,0.029089730232954025,0.9319225549697876,0.6324520707130432,1.3599549285577592,-0.09593947945323665,3.0875989267011996,0,0.008733650669455528
0.31120470000314526,3,0,0,4.688481250646831,0.9375088701150681,3.304693427177843,5.773325247012789,5.9323692273123205,0.0831632054725553,1.6942492896543917,0.029089784249663353,0.9319224953651428,0.6324523091316223,1.3599538632933235,-0.09593950442037187,3.0875986603850905,0,0.008733650669455528
0.4043715000007069,4,0,0,4.688481250646831,0.9375088701150681,3.304693427177843,5.773325247012789,5.9323692273123205,0.0831632054725553,1.6942492896543917,0.029089784249663353,0.9319224953651428,0.6324523091316223,1.3599538632933235,-0.09593950442037187,3.0875986603850905,0,0.008733650669455528
0.5124529000022449,5,0,0,4.688481250646831,0.9375088701150681,3.304693427177843,5.773325247012789,5.9323692273123205,0.0831632054725553,1.6942492896543917,0.029089784249663353,0.9319224953651428,0.6324523091316223,1.3599538632933235,-0.09593950442037187,3.0875986603850905,0,0.008733650669455528
0.6061361000029137,6,0,0,4.688481250646831,0.9375088701150681,3.304693427177843,5.773325247012789,5.9323692273123205,0.0831632054725553,1.6942492896543917,0.029089784249663353,0.9319224953651428,0.6324523091316223,1.3599538632933235,-0.09593950442037187,3.0875986603850905,0,0.008733650669455528
0.7006278000044404,7,0,0,4.688481250646831,0.9375088701150681,3.304693427177843,5.773325247012789,5.9323692273123205,0.08316225672141696,1.6942492896543917,0.029089730232954025,0.9319225549697876,0.6324520707130432,1.3599549285577592,-0.09593947945323665,3.0875989267011996,0,0.008733650669455528
0.809023599998909,8,0,0,4.688481250646831,0.9375088701150681,3.304693427177843,5.773325247012789,5.9323692273123205,0.0831632054725553,1.6942492896543917,0.029089784249663353,0.9319224953651428,0.6324523091316223,1.3599538632933235,-0.09593950442037187,3.0875986603850905,0,0.008733650669455528
0.9015894000040134,9,0,0,4.688481250646831,0.9375088701150681,3.304693427177843,5.773325247012789,5.9323692273123205,0.0831632054725553,1.6942492896543917,0.029089784249663353,0.9319224953651428,0.6324523091316223,1.3599538632933235,-0.09593950442037187,3.0875986603850905,0,0.008733650669455528
1.010493599998881,10,0,0,4.688481250646831,0.9375088701150681,3.304693427177843,5.773325247012789,5.9323692273123205,0.0831632054725553,1.6942492896543917,0.029089784249663353,0.9319224953651428,0.6324523091316223,1.3599538632933235,-0.09593950442037187,3.0875986603850905,0,0.008733650669455528
1.103494299997692,11,0,0,4.688481250646831,0.9375088701150681,3.304693427177843,5.773325247012789,5.9323692273123205,0.0831632054725553,1.6942492896543917,0.029089784249663353,0.9319224953651428,0.6324523091316223,1.3599538632933235,-0.09593950442037187,3.0875986603850905,0,0.008733650669455528
1.2123010000068462,12,0,0,4.688481250646831,0.9375088701150681,3.304693427177843,5.773325247012789,5.9323692273123205,0.0831632054725553,1.6942492896543917,0.029089784249663353,0.9319224953651428,0.6324523091316223,1.3599538632933235,-0.09593950442037187,3.0875986603850905,0,0.008733650669455528
1.3042893999954686,13,0,0,4.688481250646831,0.9375088701150681,3.304693427177843,5.773325247012789,5.9323692273123205,0.0831632054725553,1.6942492896543917,0.029089784249663353,0.9319224953651428,0.6324523091316223,1.3599538632933235,-0.09593950442037187,3.0875986603850905,0,0.008733650669455528
1.4132606000057422,14,0,0,4.688481250646831,0.9375088701150681,3.304692894545625,5.773325247012789,5.9323692273123205,0.08316225672141696,1.6942492896543917,0.02908959984779358,0.9319224953651428,0.6324520707130432,1.3599549285577592,-0.09593989557215699,3.087599193017309,0,0.008733650669455528
1.5066744000068866,15,0,0,4.688481250646831,0.9375088701150681,3.304692894545625,5.773325247012789,5.9323692273123205,0.08316225672141696,1.6942503549188277,0.02908959984779358,0.9319224953651428,0.6324520707130432,1.3599549285577592,-0.09593883030772095,3.0875989267011996,0,0.008733650669455528
1.601010900005349,16,0,0,4.68847592432465,0.9375111338019947,3.3048375041928164,5.773425914501993,5.932282408260783,0.08302241579705258,1.6942436970161026,0.029107213020324707,0.9319199919700623,0.632472038269043,1.3599667796246102,-0.09590192888186654,3.087570430877536,0,0.008733650669455528
1.7099785000027623,17,0,0,4.6850297938740875,0.9399930667798939,3.326009102226728,5.791460841404009,5.918895762725391,0.06749329461539436,1.6911347227595441,0.029304921627044678,0.931756317615509,0.6369740962982178,1.3583323976636286,-0.09422145758926971,3.0869797417477565,0,0.008733650669455528
1.8017739000060828,18,0,0,4.677996385435188,0.9465709415143353,3.3724666158626153,5.828269456094431,5.8907046046902485,0.03430984346041089,1.6799474488103938,0.029268689453601837,0.9317204356193542,0.644839346408844,1.3573080127503294,-0.0927639761036966,3.086636193967136,0,0.008733650669455528
1.909312100004172,19,0,0,4.670391995258576,0.9559545230362022,3.43990371361782,5.8787613924656785,5.857235061374569,6.2705853594302035,1.6530083759617515,0.02919337898492813,0.9313046932220459,0.655036985874176,1.35730122168955,-0.0922408730089562,3.0869006458633805,0,0.008733650669455528
2.0021086000051582,20,0,0,4.667881166982849,0.961317397102322,3.477340568009391,5.907199691849981,5.842787412460888,6.243543621721538,1.6311635308042678,0.02929583564400673,0.9308850765228271,0.6604710221290588,1.35814943849674,-0.09377085905520671,3.0874878728837434,0,0.008733650669455528
2.1114984000014374,21,0,0,4.667250530436719,0.9634388046476517,3.496706010192011,5.922916603339194,5.837151098329845,6.2280637315693435,1.6178414669253098,0.029448091983795166,0.9303019642829895,0.6640989780426025,1.3586449196175494,-0.09450078157572701,3.087858318591373,0,0.008733650669455528
2.2039240000012796,22,0,0,4.667292075749724,0.9630393304841399,3.500768396118818,5.926733445813495,5.836193958234071,6.222864708489292,1.6144432733743688,0.029462158679962158,0.9298937320709229,0.6654319167137146,1.3592848772274955,-0.09500830517809045,3.0882114537519176,0,0.008733650669455528
2.3127365999971516,23,0,0,4.667395939032237,0.9628212175908625,3.4945395286452317,5.921480626879423,5.837377467022502,6.227559861491101,1.618018300821691,0.02937912568449974,0.9302713871002197,0.6638653874397278,1.3600302960166084,-0.09605952143937198,3.0883922823899344,0,0.008733650669455528
2.405293600008008,24,0,0,4.668042554544908,0.9608650591911719,3.4766617282475294,5.906686767024032,5.842454517324629,6.24114890726934,1.6290496466890172,0.029300741851329803,0.9308944344520569,0.6603057980537415,1.3606469509670165,-0.09679358018196028,3.0882948106940376,0,0.008733650669455528
2.5147385000018403,25,0,0,4.670671627173034,0.955376350763546,3.437859471165075,5.877190127422533,5.8555998804652605,6.267273984930799,1.6503465464522176,0.029088620096445084,0.9314851760864258,0.654079794883728,1.3615743968166365,-0.09819059126603179,3.0885001404140824,0,0.008733650669455528
2.6076608000003034,26,0,0,4.6766584133035325,0.9475931293197348,3.3810300103477653,5.834436271914618,5.881000578310218,0.02278857790164557,1.6749102127665632,0.028895176947116852,0.9320180416107178,0.6450079679489136,1.3627379318968922,-0.09959800532311142,3.08865114164789,0,0.008733650669455528
2.715606800004025,27,0,0,4.6866202336770835,0.938109945573099,3.3139966478138168,5.781902223619497,5.922145351887506,0.07168855147465017,1.6934226444520313,0.028683697804808617,0.931925356388092,0.6342308521270752,1.3626444549426304,-0.09890747261958908,3.088830372389252,0,0.008733650669455528
2.807033999997657,28,0,0,4.694470699938418,0.9331538693634888,3.2710939216009676,5.7427265913522145,5.954658287739629,0.1086629645876856,1.6980012841561498,0.028660614043474197,0.931982696056366,0.6247724294662476,1.363254984622531,-0.09844236817996356,3.0887440859699336,0,0.008733650669455528
2.900185699996655,29,0,0,4.7015541758058115,0.9297536118627028,3.2368991995204586,5.706234892831512,5.984903275607442,0.14467750786482922,1.6969729045012156,0.028653059154748917,0.931888997554779,0.6156193614006042,1.362634334930488,-0.09791267376152521,3.0886348963652406,0,0.008733650669455528
3.0096485999965807,30,0,0,4.708519939953022,0.9280807472239696,3.2069732583512387,5.667729311894492,6.014869164193012,0.18306459477809717,1.6916360628347515,0.028752489015460014,0.9319208264350891,0.6045435070991516,1.362853379930147,-0.09766772952026517,3.088421310845816,0,0.008733650669455528
3.102341300007538,31,0,0,4.713174612906263,0.9278038450496285,3.1886376605621516,5.639878505846662,6.035618384878038,0.21231820428537027,1.6859729839347526,0.02880881167948246,0.9318363070487976,0.5962159633636475,1.3619929125819425,-0.09732405690396884,3.0882969412229095,0,0.008733650669455528
3.2109365000069374,32,0,0,4.715137895261869,0.9278800780358321,3.1812447253760916,5.626670292104304,6.045517354649863,0.22737833031549792,1.682665337860874,0.028875824064016342,0.931698203086853,0.5923373699188232,1.3605273750340718,-0.09655223120817184,3.0880796272779585,0,0.008733650669455528
3.303706000006059,33,0,0,4.715429245085124,0.9280509198197606,3.1803272663805595,5.624855614137525,6.046906459474449,0.22955491522966287,1.6821582719893229,0.02892526425421238,0.9317140579223633,0.5916728377342224,1.3603518727182358,-0.09639130969930382,3.087980824001517,0,0.008733650669455528
3.411807900003623,34,0,0,4.713498985927035,0.928044927707308,3.1888459197593964,5.639091808060653,6.038007773008058,0.21607490925330647,1.6849475337570174,0.02928263135254383,0.9317116737365723,0.5962930917739868,1.3592469271819618,-0.09580314225018141,3.087492400257596,0,0.008733650669455528
3.505185200003325,35,0,0,4.709081866943029,0.9280362058547381,3.206145281568333,5.665650448347576,6.019631428854292,0.1898388443534181,1.690221524821756,0.029241187497973442,0.9316139221191406,0.6048882603645325,1.358071807350964,-0.09513447243473294,3.0874266201786713,0,0.008733650669455528
3.61297280000872,36,0,0,4.702455389518694,0.9295070031457615,3.234276518478949,5.7025586652627664,5.991812580739543,0.15325162157336658,1.695543053311952,0.029132716357707977,0.9315630793571472,0.6156408786773682,1.3576484978956962,-0.09465610212392747,3.087472959181639,0,0.008733650669455528
3.705520500006969,37,0,0,4.695623316058205,0.9324871469845875,3.266294639000535,5.7382689923196395,5.963340725525505,0.11875821765422738,1.6977149943389662,0.028999969363212585,0.9315493702888489,0.6250616908073425,1.3573574143885505,-0.09427105064219404,3.087564838239247,0,0.008733650669455528
3.814232400007313,38,0,0,4.68644393241292,0.9383317203128753,3.316119986150937,5.784082819920053,5.925968053316206,0.07529780886435847,1.6941703269280708,0.028986411169171333,0.9315345883369446,0.6360824108123779,1.3570940277567416,-0.09271136202741073,3.0871927946349627,0,0.008733650669455528
3.9073979999957373,39,0,0,4.679485625116761,0.9442346168690359,3.359880250234792,5.819712719512006,5.896499110590043,0.041256280964367655,1.6841959896973973,0.028814192861318588,0.9315528273582458,0.6435492038726807,1.3576486310537508,-0.09376206230123106,3.0876282214731905,0,0.008733650669455528
4.0013746000040555,40,0,0,4.676181174836191,0.9510466500423224,3.3867787098768103,5.8414393203170905,5.88153427579267,0.023715149901532985,1.6753192743099994,0.028967365622520447,0.9322992563247681,0.6460875272750854,1.3580591573357865,-0.09346305588984241,3.0873065116135088,0,0.008733650669455528
4.109671900005196,41,0,0,4.671821047499512,0.978170546270616,3.447372016262729,5.897130279768392,5.851620585164464,6.273611243060752,1.649017629068268,0.029096214100718498,0.9367454051971436,0.6463050246238708,1.3577576875003894,-0.09196872291268533,3.087210105182048,0,0.008733650669455528
4.202067699996405,42,0,0,4.672014392994653,0.994834544422487,3.4778542917836672,5.929240545663696,5.8379367308514185,6.255771792182746,1.6306307654281973,0.02922821044921875,0.9395870566368103,0.6452859044075012,1.3581671485179891,-0.09347849390178646,3.0884948140919026,0,0.008733650669455528
4.309078599995701,43,0,0,4.675137748321098,1.0099313388518736,3.4966942922832143,5.955942464017265,5.830577351495093,6.243281034038057,1.6174932586127821,0.030252505093812943,0.9421936273574829,0.6434791088104248,1.3582266701683525,-0.093646980452626,3.089219193908404,0,0.008733650669455528
4.401547200002824,44,0,0,4.678261103647542,1.0208797938302712,3.506501382997431,5.974121734250365,5.826665700485986,6.235940829441581,1.6095746154275405,0.031093161553144455,0.9441083073616028,0.6416952610015869,1.3582108243598663,-0.09390628079663725,3.0899643463814077,0,0.008733650669455528
4.50921269999526,45,0,0,4.681723745696863,1.0317823092798648,3.5141877985356182,5.991738544861239,5.823578031518148,6.229820885256578,1.6029183105989964,0.031856320798397064,0.9460081458091736,0.639836847782135,1.357661946859201,-0.0939908860955177,3.0910202897536245,0,0.008733650669455528
4.603237400006037,46,0,0,4.684609014421856,1.040582259048841,3.519039545409524,6.004784305777101,5.821626467071337,6.2258394594269095,1.5983130392839768,0.03254019469022751,0.9476450085639954,0.6377520561218262,1.3576679389716537,-0.09402959347748634,3.091736946402965,0,0.008733650669455528
4.712213399994653,47,0,0,4.6870026636096185,1.0475082089377554,3.522277682978952,6.0149330800591745,5.820261330696563,6.22310386035518,1.594910185201128,0.03305134177207947,0.9488939046859741,0.6361483335494995,1.3573998918079373,-0.09415183257152096,3.092420313538679,0,0.008733650669455528
4.805716200004099,48,0,0,4.68772171710394,1.049727021599955,3.5231818261690337,6.017948843677581,5.819800071195761,6.222224484563236,1.5938427902362242,0.03322245553135872,0.9493512511253357,0.6354511380195618,1.3575632767408137,-0.09434743343120887,3.0926639927784216,0,0.008733650669455528
4.9001907000056235,49,0,0,4.686796534941246,1.0472000811996334,3.522542667507415,6.013925872534907,5.820020048301801,6.223250334215136,1.5945125752503793,0.033159784972667694,0.9489717483520508,0.6358384490013123,1.3578723365853174,-0.09470167546808145,3.0922844923230848,0,0.008733650669455528
5.007696400003624,50,0,0,4.683435625645566,1.0397548148981532,3.5201181256510066,6.0025973178899275,5.821335649880301,6.226408310635751,1.5969697408301409,0.03212380036711693,0.9476974010467529,0.6374257206916809,1.3581896522292003,-0.09498627584244844,3.091980891958816,0,0.008733650669455528
5.1008648999995785,51,0,0,4.679409991341803,1.0311596622170043,3.5171564242027293,5.988577372647315,5.822921295993333,6.231002263516138,1.6001405004239893,0.031015314161777496,0.946260392665863,0.6389369368553162,1.3586204185355206,-0.09519212987233315,3.091348657516031,0,0.008733650669455528
5.2094622000004165,52,0,0,4.673192575460903,1.0194287705103415,3.513233854233152,5.96791923207157,5.825294172524594,6.238597598945043,1.6042548179920526,0.029052549973130226,0.9443255066871643,0.6405616402626038,1.3592846109113865,-0.09550300399532947,3.0906738124958055,0,0.008733650669455528
5.303432700005942,53,0,0,4.66890115768035,1.0114328956534877,3.5098827986335053,5.953416722039434,5.827300065457642,6.244867745415526,1.6074854987104277,0.027572019025683403,0.9429658651351929,0.6416288614273071,1.3592147029327717,-0.09555271356155148,3.090322008915806,0,0.008733650669455528
5.411834700003965,54,0,0,4.666513900079203,1.0068382104038012,3.507323767142048,5.9445137745153,5.828744564032901,6.248977535609736,1.6096478523575175,0.026804042980074883,0.9421864151954651,0.6420373916625977,1.3593087125192516,-0.095577722308663,3.0899678084908255,0,0.008733650669455528
5.5040138000040315,55,0,0,4.665756497065184,1.0055203451383754,3.506997263592404,5.942370462470003,5.829035381223937,6.249887804070325,1.6100606423264798,0.026452146470546722,0.9419147372245789,0.6423241496086121,1.3591762202550202,-0.09550360320657474,3.09000669064274,0,0.008733650669455528
5.614019800006645,56,0,0,4.665694711727895,1.0053766010185385,3.507100061610481,5.942344896123539,5.829032718062847,6.249782342891159,1.6100340107155788,0.026416147127747536,0.941872239112854,0.6424209475517273,1.3591507870666097,-0.09546063476686201,3.0900303927764416,0,0.008733650669455528
5.70819940000365,57,0,0,4.665696842256766,1.0053586912602077,3.507155189045046,5.9423624729867335,5.829024195947359,6.24972801440492,1.6099949954056092,0.026424720883369446,0.9418653845787048,0.6424357891082764,1.3591663665589868,-0.0954607762472949,3.0900194738159725,0,0.008733650669455528
5.800677999999607,58,0,0,4.6656973748889845,1.0053642173194695,3.507188212242563,5.9424114751507915,5.82901620646409,6.249719492289432,1.6099816796001591,0.02642231062054634,0.9418614506721497,0.6424570083618164,1.359130946516489,-0.09544841751536128,3.090024800138153,0,0.008733650669455528
5.909614300006069,59,0,0,4.665706429636691,1.0053784652313014,3.5072180396467716,5.942508946846688,5.829010880141909,6.249714698599471,1.6099759538038152,0.02641695737838745,0.9418548345565796,0.642497718334198,1.3590550464254214,-0.09542214376673196,3.090039447524148,0,0.008733650669455528
6.002257800006191,60,0,0,4.665712821223307,1.0054014349957034,3.5072345512455305,5.942586711150519,5.8290087496130365,6.249713633335034,1.6099750216974336,0.026410847902297974,0.9418533444404602,0.6425204873085022,1.3590029816261104,-0.09540210347952911,3.0900532959618165,0,0.008733650669455528
6.111603600002127,61,0,0,4.665717082281051,1.0054257363406502,3.507246535470436,5.942633050153486,5.8290087496130365,6.249713633335034,1.6099759538038152,0.02640698477625847,0.9418559074401855,0.6425255537033081,1.3589799452826814,-0.09538406888552221,3.090059953864542,1,0.03930133581161499
6.204481599997962,62,0,0,4.665725071764322,1.0054487061050523,3.507255856534251,5.942638909107885,5.829007684348602,6.249713633335034,1.6099759538038152,0.02641453593969345,0.941863477230072,0.6425067782402039,1.3589976553039305,-0.09537424847900255,3.0900474370074185,1,0.18340614438056946
6.313221899996279,63,0,0,4.6657261370287575,1.0054694121825276,3.507259318643668,5.942642637533409,5.829007684348602,6.249712568070598,1.6099759538038152,0.026415862143039703,0.9418704509735107,0.6424893140792847,1.3590153653251795,-0.09536907195963372,3.090043442265783,1,0.3537118136882782
6.405610400004662,64,0,0,4.66573093071872,1.0054767358755254,3.507261182856431,5.9426442354300635,5.829007684348602,6.249712568070598,1.6099759538038152,0.026419896632432938,0.9418724775314331,0.6424839496612549,1.3590206916473595,-0.09536666679227425,3.0900378496274943,1,0.5240175127983093
6.513539899999159,65,0,0,4.665733061247591,1.0054803977220244,3.5072635797014122,5.942644768062283,5.829007684348602,6.249712568070598,1.6099759538038152,0.026422511786222458,0.9418738484382629,0.6424802541732788,1.3590241537567767,-0.09536398698642734,3.090034121201968,1,0.681222677230835
6.606800499997917,66,0,0,4.665733061247591,1.0054835935153323,3.5072635797014122,5.9426453006945,5.829007684348602,6.249712568070598,1.6099759538038152,0.02642236277461052,0.9418749809265137,0.6424775719642639,1.3590269500759211,-0.09536362912415586,3.0900338548858595,1,0.8384279608726501
6.714593800003058,67,0,0,4.6657362570409,1.0054873219408584,3.507264378649739,5.942646898591154,5.829005021187511,6.249717361760561,1.6099731574846707,0.026425804942846298,0.941875159740448,0.6424773931503296,1.3590237542826131,-0.09536356254512861,3.090030126460333,1,0.9781659841537476
6.807315700003528,68,0,0,4.6657362570409,1.0054881874682127,3.507266242862502,5.94264796385559,5.829002890658638,6.249707774380636,1.609967431688327,0.02642555721104145,0.9418764710426331,0.6424733996391296,1.3590338742947554,-0.09537369920202773,3.0900325233053136,1,0.9912664294242859
6.914996100007556,69,0,0,4.665738387569771,1.0054886535214036,3.507266242862502,5.942649029120027,5.829002890658638,6.249705111219546,1.609970361165526,0.026427149772644043,0.9418765306472778,0.642473042011261,1.3590354721914095,-0.0953705866325037,3.0900303927764416,-1,0.8908296823501587
7.009352000008221,70,0,0,4.665738920201989,1.0054886535214036,3.5072667754947204,5.942649029120027,5.829002890658638,6.249707774380636,1.6099712932719077,0.02642779052257538,0.9418763518333435,0.6424737572669983,1.3590325427142103,-0.09536928001909387,3.090029327512006,-1,0.7467249035835266
7.102483599999687,71,0,0,4.665739452834208,1.0054886535214036,3.5072667754947204,5.942649029120027,5.829003955923075,6.2497067091162,1.6099712932719077,0.026428211480379105,0.9418762922286987,0.6424734592437744,1.359033474820592,-0.09536833126795553,3.090028528563679,-1,0.5938864946365356
7.211508699998376,72,0,0,4.665739985466426,1.0054886535214036,3.5072667754947204,5.942649029120027,5.829003955923075,6.2497067091162,1.6099712932719077,0.02642865851521492,0.9418764114379883,0.6424734592437744,1.359033474820592,-0.09536833126795553,3.090027995931461,-1,0.4585152864456177
7.305133800007752,73,0,0,4.665739985466426,1.0054886535214036,3.5072667754947204,5.9426484964878075,5.829003955923075,6.2497067091162,1.609970361165526,0.02642875164747238,0.9418764114379883,0.6424733400344849,1.3590340074528098,-0.09536839784698278,3.090027995931461,-1,0.30131006240844727
7.4129235000000335,74,0,0,4.665739985466426,1.0054886535214036,3.5072667754947204,5.942649029120027,5.829003955923075,6.2497067091162,1.6099712932719077,0.02642865851521492,0.9418764114379883,0.6424734592437744,1.359033474820592,-0.09536833126795553,3.090027995931461,-1,0.14410482347011566
7.505762300002971,75,0,0,4.665739985466426,1.0054886535214036,3.5072667754947204,5.942649029120027,5.829005021187511,6.249706176483983,1.6099731574846707,0.026429113000631332,0.941876232624054,0.6424739956855774,1.3590330753464284,-0.09536932995336432,3.090027995931461,-1,0.013100462965667248
7.614522300005774,76,0,0,4.6657405180986435,1.0054881874682127,3.507267308126938,5.9426484964878075,5.829003955923075,6.249708839645073,1.6099722253782893,0.026429379358887672,0.9418761730194092,0.6424742937088013,1.3590316106078288,-0.09536711620070819,3.090027196983134,1,0.021834086626768112
7.708042900005239,77,0,0,4.6657405180986435,1.0054881874682127,3.507267308126938,5.9426484964878075,5.829003955923075,6.2497067091162,1.6099722253782893,0.02642931416630745,0.941876232624054,0.6424736976623535,1.3590333416625373,-0.09536709955595137,3.090027196983134,1,0.157205268740654
7.80077820000588,78,0,0,4.6657405180986435,1.0054881874682127,3.507267308126938,5.9426484964878075,5.829003955923075,6.249707774380636,1.6099722253782893,0.026429345831274986,0.941876232624054,0.6424739956855774,1.3590325427142103,-0.09536710787832979,3.090027196983134,1,0.3144105076789856
7.91018140000233,79,0,0,4.6657405180986435,1.0054881874682127,3.507267308126938,5.9426484964878075,5.829003955923075,6.249707774380636,1.6099722253782893,0.02642923966050148,0.941876232624054,0.6424739956855774,1.3590325427142103,-0.09536753231962851,3.0900274632992426,1,0.510917067527771
8.00244680000469,80,0,0,4.6657405180986435,1.0054881874682127,3.5072667754947204,5.9426484964878075,5.829003955923075,6.2497067091162,1.6099722253782893,0.026429209858179092,0.9418762922286987,0.6424738168716431,1.359033474820592,-0.0953675239972501,3.0900274632992426,1,0.6506550312042236
8.110591699994984,81,0,0,4.6657405180986435,1.0054881874682127,3.5072667754947204,5.9426484964878075,5.829003955923075,6.249707774380636,1.6099722253782893,0.02642923966050148,0.941876232624054,0.6424739956855774,1.3590325427142103,-0.09536753231962851,3.0900274632992426,1,0.8034934401512146
8.204301699995995,82,0,0,4.6657405180986435,1.0054881874682127,3.5072667754947204,5.9426484964878075,5.829003955923075,6.249707774380636,1.6099722253782893,0.02642923966050148,0.941876232624054,0.6424739956855774,1.3590325427142103,-0.09536753231962851,3.0900274632992426,1,0.9563318490982056
8.311767100007273,83,0,0,4.665741050730862,1.0054881874682127,3.5072667754947204,5.9426484964878075,5.829002890658638,6.2497067091162,1.609970361165526,0.026429641991853714,0.941876232624054,0.6424738168716431,1.359033474820592,-0.09537031199401627,3.090027729615352,1,0.9650655388832092
8.404764699997031,84,0,0,4.6657405180986435,1.0054881874682127,3.5072667754947204,5.9426484964878075,5.829003955923075,6.249707774380636,1.6099712932719077,0.02642923966050148,0.941876232624054,0.6424739956855774,1.3590325427142103,-0.09536846442601003,3.090027729615352,-1,0.8733624219894409
8.513424000004306,85,0,0,4.6657405180986435,1.0054881874682127,3.5072667754947204,5.9426484964878075,5.829003955923075,6.249707774380636,1.6099712932719077,0.02642923966050148,0.941876232624054,0.6424739956855774,1.3590325427142103,-0.09536846442601003,3.090027729615352,-1,0.7336245179176331
8.606816900006379,86,0,0,4.6657405180986435,1.0054881874682127,3.5072667754947204,5.9426484964878075,5.829003955923075,6.249707774380636,1.6099712932719077,0.02642923966050148,0.941876232624054,0.6424739956855774,1.3590325427142103,-0.09536846442601003,3.090027729615352,-1,0.5851528644561768
8.700396200001705,87,0,0,4.6657405180986435,1.0054881874682127,3.5072667754947204,5.9426484964878075,5.829003955923075,6.249707774380636,1.6099712932719077,0.02642923966050148,0.941876232624054,0.6424739956855774,1.3590325427142103,-0.09536846442601003,3.090027729615352,-1,0.4323144257068634
8.808443800007808,88,0,0,4.6657405180986435,1.0054881874682127,3.5072667754947204,5.9426484964878075,5.829003955923075,6.249707774380636,1.6099712932719077,0.026429209858179092,0.9418762922286987,0.6424738168716431,1.359033474820592,-0.09536844778125324,3.090027729615352,-1,0.2969432473182678
8.903287499997532,89,0,0,4.665741050730862,1.0054881874682127,3.507267308126938,5.9426484964878075,5.829005021187511,6.249707774380636,1.6099731574846707,0.0264298003166914,0.9418761730194092,0.6424739956855774,1.3590325427142103,-0.09536524366556673,3.0900261317186977,-1,0.17903932929039001
9.010983900006977,90,0,0,4.665741050730862,1.0054881874682127,3.5072667754947204,5.9426484964878075,5.829003955923075,6.249707774380636,1.6099722253782893,0.026429686695337296,0.941876232624054,0.6424739956855774,1.3590325427142103,-0.09536753231962851,3.090026930667025,0,0.17903932929039001
9.10449929999595,91,0,0,4.665741050730862,1.0054881874682127,3.5072667754947204,5.9426484964878075,5.829003955923075,6.249707774380636,1.6099712932719077,0.026429686695337296,0.941876232624054,0.6424739956855774,1.3590325427142103,-0.09536846442601003,3.090027196983134,0,0.17903932929039001
9.212377899995772,92,0,0,4.666449451580823,1.0056640892582125,3.5067309474833963,5.943429867951637,5.829021000154051,6.249334931828026,1.6101453308491442,0.026783576235175133,0.9418662786483765,0.6425943374633789,1.358907240984922,-0.0955039277793326,3.089865010472748,0,0.17903932929039001
9.30668439999863,93,0,0,4.673899911046429,1.0091167444534457,3.497027453735584,5.95291338459341,5.830990674096274,6.244905029670788,1.6147953432704771,0.029696479439735413,0.9422482252120972,0.6429525017738342,1.358599379562909,-0.09597645578049672,3.0896279891357312,0,0.17903932929039001
9.41485709999688,94,0,0,4.685618352474995,1.0149796935932551,3.481247691644646,5.968276628289858,5.833911629179873,6.23728306263098,1.6230725810964979,0.03434561565518379,0.9429495334625244,0.6431628465652466,1.358821620355876,-0.0962528336449981,3.0893065455921582,0,0.17903932929039001
9.508206700003939,95,0,0,4.696688580494237,1.0209170115065052,3.4667731448039567,5.983895002818737,5.83608157283607,6.229414486874233,1.6311692566006113,0.03890100121498108,0.943558931350708,0.6436004042625427,1.3586422564564593,-0.09639763470689275,3.0891432938173367,0,0.17903932929039001
9.601816800000961,96,0,0,4.708022461461396,1.0273589318672978,3.452919380813364,6.000198342379984,5.837509027180351,6.220957352516576,1.6394627397092816,0.04374449700117111,0.9441397786140442,0.6438679695129395,1.3587423913134462,-0.09653159170972374,3.088559528906391,0,0.17903932929039001
9.709330900004716,97,0,0,4.717234868304198,1.0328062947190002,3.4421362415596333,6.014019615805278,5.838216362765877,6.213509023579843,1.64648429708133,0.04797402396798134,0.9445964694023132,0.6441121101379395,1.358907240984922,-0.09637199345902234,3.08801757562456,0,0.17903932929039001
9.801857099999324,98,0,0,4.716885994201397,1.0329427151458397,3.4427165443611614,6.013462482505233,5.8382328743646354,6.2133098191303056,1.6466925562785744,0.048019710928201675,0.9447506666183472,0.6436458826065063,1.3597625151690012,-0.09570894124899826,3.0878018595762637,0,0.17903932929039001
9.909388900006888,99,0,0,4.708089573120866,1.0277657963028344,3.453120449475665,6.000601544969023,5.837642185234856,6.219981570293172,1.640235189583459,0.044147491455078125,0.944339394569397,0.6434618234634399,1.3597629146431647,-0.09541923093428968,3.0883142517699946,0,0.17903932929039001
